{
    "long_only": false,
    "long_period": 21.0,
    "short_period": 5.0,
    "signal_period": 5.0,
    "stop_loss_pct": 0.0854802063580317,
    "take_profit_pct": 0.10197121509227478,
    "trailing_stop_pct": 0.056403086011855584
}