{
    "adx_lookback": 10.0,
    "adx_threshold": 28.0,
    "long_only": true,
    "stop_loss_pct": 0.04158849791607633,
    "take_profit_pct": 0.08166810447665743,
    "trailing_stop_pct": 0.05757078800292319
}