{
    "kst_weights": [
        1,
        2,
        3,
        4
    ],
    "long_only": false,
    "risk_params": {
        "stop_loss_pct": 0.07303559752835692,
        "take_profit_pct": 0.1082130897444305,
        "trailing_stop_pct": 0.044409662229208634
    },
    "roc_periods": [
        5,
        10,
        15,
        20
    ],
    "signal_period": 13.0,
    "sma_periods": [
        10,
        10,
        10,
        15
    ]
}