{
    "adx_lookback": 11.0,
    "adx_threshold": 24.0,
    "long_only": false,
    "stop_loss_pct": 0.04495677912081984,
    "take_profit_pct": 0.14437410781320162,
    "trailing_stop_pct": 0.0
}