{
  "ticker": "INFY.BO",
  "order": [
    1,
    3
  ],
  "aic": 646.6584760992146,
  "mse": 0.0,
  "mae": 0.0,
  "directional_accuracy": 0.0,
  "vol_ratio": 1.0,
  "n_components": 5,
  "explained_variance_ratio": 0.0,
  "trained_at": "2025-06-22T19:50:36.334009",
  "params_hash": "92df2e96674a440a0bf0156578e5a4a9"
}