{
    "bear_div_threshold": 0.009118985902485353,
    "bull_div_threshold": 0.012939235879546577,
    "confidence_threshold": 0.8837235236399155,
    "long_only": true,
    "pressure_threshold": 0.4912947245662579,
    "pressure_trend_days": 3.0,
    "price_trend_days": 8.0,
    "stop_loss_pct": 0.047977834212869046,
    "take_profit_pct": 0.09810171585669596,
    "trailing_stop_pct": 0.060858828534633466,
    "use_multiple_dists": true,
    "volume_weighted": true,
    "window": 32.0
}