{
    "forecast_horizon": 3,
    "long_only": true,
    "p": 2,
    "q": 2,
    "return_type": "simple",
    "stop_loss_pct": 0.02443499271953115,
    "take_profit_pct": 0.11453520195300561,
    "trailing_stop_pct": 0.029622670666290374,
    "vol_threshold": 0.10305427924833381,
    "window_size": 110.0
}