{
    "d_period": 3.0,
    "k_period": 16.0,
    "long_only": true,
    "overbought": 76.0,
    "oversold": 20.0,
    "stop_loss_pct": 0.024415975628962885,
    "take_profit_pct": 0.08477048344970643,
    "trailing_stop_pct": 0.05211595373512316
}