{
    "data_lookback": 275.0,
    "long_only": true,
    "overbought_threshold": -24.904366339005485,
    "oversold_threshold": -76.6974904601037,
    "stop_loss_pct": 0.07685509564179258,
    "take_profit_pct": 0.08533816903775573,
    "trailing_stop_pct": 0.06407210459589115,
    "wr_period": 26.0
}