{
    "aroon_down_threshold": 26.0,
    "aroon_up_threshold": 78.0,
    "long_only": true,
    "lookback": 26.0,
    "signal_smoothing": 1.0,
    "stop_loss_pct": 0.04990832663718497,
    "take_profit_pct": 0.04010742580643822,
    "trailing_stop_pct": 0.046345376192835346
}