{
    "atr_period": 20.0,
    "atr_threshold": 0.5390197906091738,
    "consecutive_bars": 5.0,
    "lookback_period": 50.0,
    "price_threshold": 0.025855733388936018,
    "stop_loss_pct": 0.07154116016649402,
    "take_profit_pct": 0.0851355820702463,
    "trailing_stop_pct": 0.029195266874747147,
    "use_atr_filter": false,
    "volume_avg_period": 19.0,
    "volume_threshold": 2.993391077034267
}