{
    "atr_span": 17.0,
    "kc_span": 16.0,
    "long_only": true,
    "multiplier": 3.2174350790579584,
    "stop_loss": 0.06261459727318411,
    "take_profit": 0.040060890342115026,
    "trailing_stop_pct": 0.07424238773769959
}