{
    "ci_period": 16.0,
    "long_only": false,
    "macd_fast": 15.0,
    "macd_slow": 21.0,
    "macd_smooth": 8.0,
    "stop_loss_pct": 0.0412933909991923,
    "take_profit_pct": 0.09137021194967264,
    "trailing_stop_pct": 0.009385065814708597
}