{
    "af_step": 0.03313626602013357,
    "atr_period": 16.0,
    "atr_threshold": 1.1999038847197738,
    "initial_af": 0.03718921647334879,
    "long_only": false,
    "max_af": 0.13347291257031946,
    "stop_loss_pct": 0.04927924909120095,
    "take_profit_pct": 0.10328886585346223,
    "trailing_stop_pct": 0.05378821763730489,
    "use_atr_filter": false
}