{
    "fast": 17.0,
    "long_only": false,
    "slow": 43.0,
    "smooth": 12.0,
    "stop_loss_pct": 0.07187486378308308,
    "take_profit_pct": 0.10061546969796334,
    "trailing_stop_pct": 0.08136554076402878
}